name,kind,size,district
file000,image,1000,block-0
file001,code,1037,block-1
file002,code,1074,block-2
file003,image,1111,block-3
file004,code,1148,block-4
file005,code,1185,block-5
file006,image,1222,block-6
file007,code,1259,block-0
file008,code,1296,block-1
file009,image,1333,block-2
file010,code,1370,block-3
file011,code,1407,block-4
file012,image,1444,block-5
file013,code,1481,block-6
file014,code,1518,block-0
file015,image,1555,block-1
file016,code,1592,block-2
file017,code,1629,block-3
file018,image,1666,block-4
file019,code,1703,block-5
file020,code,1740,block-6
file021,image,1777,block-0
file022,code,1814,block-1
file023,code,1851,block-2
file024,image,1888,block-3
file025,code,1925,block-4
file026,code,1962,block-5
file027,image,1999,block-6
file028,code,2036,block-0
file029,code,2073,block-1
file030,image,2110,block-2
file031,code,2147,block-3
file032,code,2184,block-4
file033,image,2221,block-5
file034,code,2258,block-6
file035,code,2295,block-0
file036,image,2332,block-1
file037,code,2369,block-2
file038,code,2406,block-3
file039,image,2443,block-4
file040,code,2480,block-5
file041,code,2517,block-6
file042,image,2554,block-0
file043,code,2591,block-1
file044,code,2628,block-2
file045,image,2665,block-3
file046,code,2702,block-4
file047,code,2739,block-5
file048,image,2776,block-6
file049,code,2813,block-0
file050,code,2850,block-1
file051,image,2887,block-2
file052,code,2924,block-3
file053,code,2961,block-4
file054,image,2998,block-5
file055,code,3035,block-6
file056,code,3072,block-0
file057,image,3109,block-1
file058,code,3146,block-2
file059,code,3183,block-3
file060,image,3220,block-4
file061,code,3257,block-5
file062,code,3294,block-6
file063,image,3331,block-0
file064,code,3368,block-1
file065,code,3405,block-2
file066,image,3442,block-3
file067,code,3479,block-4
file068,code,3516,block-5
file069,image,3553,block-6
file070,code,3590,block-0
file071,code,3627,block-1
file072,image,3664,block-2
file073,code,3701,block-3
file074,code,3738,block-4
file075,image,3775,block-5
file076,code,3812,block-6
file077,code,3849,block-0
file078,image,3886,block-1
file079,code,3923,block-2
file080,code,3960,block-3
file081,image,3997,block-4
file082,code,4034,block-5
file083,code,4071,block-6
file084,image,4108,block-0
file085,code,4145,block-1
file086,code,4182,block-2
file087,image,4219,block-3
file088,code,4256,block-4
file089,code,4293,block-5
file090,image,4330,block-6
file091,code,4367,block-0
file092,code,4404,block-1
file093,image,4441,block-2
file094,code,4478,block-3
file095,code,4515,block-4
file096,image,4552,block-5
file097,code,4589,block-6
file098,code,4626,block-0
file099,image,4663,block-1
file100,code,4700,block-2
file101,code,4737,block-3
file102,image,4774,block-4
file103,code,4811,block-5
file104,code,4848,block-6
file105,image,4885,block-0
file106,code,4922,block-1
file107,code,4959,block-2
file108,image,4996,block-3
file109,code,5033,block-4
file110,code,5070,block-5
file111,image,5107,block-6
file112,code,5144,block-0
file113,code,5181,block-1
file114,image,5218,block-2
file115,code,5255,block-3
file116,code,5292,block-4
file117,image,5329,block-5
file118,code,5366,block-6
file119,code,5403,block-0
file120,image,5440,block-1
file121,code,5477,block-2
file122,code,5514,block-3
file123,image,5551,block-4
file124,code,5588,block-5
file125,code,5625,block-6
file126,image,5662,block-0
file127,code,5699,block-1
file128,code,5736,block-2
file129,image,5773,block-3
file130,code,5810,block-4
file131,code,5847,block-5
file132,image,5884,block-6
file133,code,5921,block-0
file134,code,5958,block-1
file135,image,5995,block-2
file136,code,6032,block-3
file137,code,6069,block-4
file138,image,6106,block-5
file139,code,6143,block-6
file140,code,6180,block-0
file141,image,6217,block-1
file142,code,6254,block-2
file143,code,6291,block-3
file144,image,6328,block-4
file145,code,6365,block-5
file146,code,6402,block-6
file147,image,6439,block-0
file148,code,6476,block-1
file149,code,6513,block-2
file150,image,6550,block-3
file151,code,6587,block-4
file152,code,6624,block-5
file153,image,6661,block-6
file154,code,6698,block-0
file155,code,6735,block-1
file156,image,6772,block-2
file157,code,6809,block-3
file158,code,6846,block-4
file159,image,6883,block-5
file160,code,6920,block-6
file161,code,6957,block-0
file162,image,6994,block-1
file163,code,7031,block-2
file164,code,7068,block-3
file165,image,7105,block-4
file166,code,7142,block-5
file167,code,7179,block-6
file168,image,7216,block-0
file169,code,7253,block-1
file170,code,7290,block-2
file171,image,7327,block-3
file172,code,7364,block-4
file173,code,7401,block-5
file174,image,7438,block-6
file175,code,7475,block-0
file176,code,7512,block-1
file177,image,7549,block-2
file178,code,7586,block-3
file179,code,7623,block-4
file180,image,7660,block-5
file181,code,7697,block-6
file182,code,7734,block-0
file183,image,7771,block-1
file184,code,7808,block-2
file185,code,7845,block-3
file186,image,7882,block-4
file187,code,7919,block-5
file188,code,7956,block-6
file189,image,7993,block-0
file190,code,8030,block-1
file191,code,8067,block-2
file192,image,8104,block-3
file193,code,8141,block-4
file194,code,8178,block-5
file195,image,8215,block-6
file196,code,8252,block-0
file197,code,8289,block-1
file198,image,8326,block-2
file199,code,8363,block-3